{
    "robot_root_name": "base_link",
    "human_root_name": "left_collar",
    "ground_height": 0.0,
    "human_height_assumption": 1.8,
    "use_ik_match_table1": true,
    "use_ik_match_table2": true,

    "human_scale_table": {
        "left_collar":    0.4,
        "left_shoulder":  0.4,
        "left_elbow":     0.4,
        "left_wrist":     0.4,
        "right_collar":   0.4,
        "right_shoulder": 0.4,
        "right_elbow":    0.4,
        "right_wrist":    0.4
    },

    "ik_match_table1": {
        "l1": [
            "left_collar",
            0,
            10,
            [0.0, 0.0, 0.0],
            [0.70710678, 0.0, -0.70710678, 0.0]
        ],
        "l2": [
            "left_shoulder",
            0,
            10,
            [0.0, 0.0, 0.0],
            [0.70710678, 0.0, -0.70710678, 0.0]
        ],
        "l3": [
            "left_elbow",
            0,
            10,
            [0.0, 0.0, 0.0],
            [0.70710678, 0.0, -0.70710678, 0.0]
        ],
        "l4": [
            "left_wrist",
            100,
            10,
            [0.0, 0.0, 0.0],
            [0.70710678, 0.0, -0.70710678, 0.0]
        ],
        "l6": [
            "right_collar",
            0,
            10,
            [0.0, 0.0, 0.0],
            [0.0, 0.70710678, 0.0, 0.70710678]
        ],
        "l7": [
            "right_shoulder",
            0,
            10,
            [0.0, 0.0, 0.0],
            [0.0, 0.70710678, 0.0, 0.70710678]
        ],
        "l8": [
            "right_elbow",
            0,
            10,
            [0.0, 0.0, 0.0],
            [0.0, 0.70710678, 0.0, 0.70710678]
        ],
        "l9": [
            "right_wrist",
            100,
            10,
            [0.0, 0.0, 0.0],
            [0.0, 0.70710678, 0.0, 0.70710678]
        ]
    },

    "ik_match_table2": {
        "l1": [
            "left_collar",
            10,
            5,
            [0.0, 0.0, 0.0],
            [0.70710678, 0.0, -0.70710678, 0.0]
        ],
        "l2": [
            "left_shoulder",
            10,
            5,
            [0.0, 0.0, 0.0],
            [0.70710678, 0.0, -0.70710678, 0.0]
        ],
        "l3": [
            "left_elbow",
            10,
            5,
            [0.0, 0.0, 0.0],
            [0.70710678, 0.0, -0.70710678, 0.0]
        ],
        "l4": [
            "left_wrist",
            50,
            5,
            [0.0, 0.0, 0.0],
            [0.70710678, 0.0, -0.70710678, 0.0]
        ],
        "l6": [
            "right_collar",
            10,
            5,
            [0.0, 0.0, 0.0],
            [0.0, 0.70710678, 0.0, 0.70710678]
        ],
        "l7": [
            "right_shoulder",
            10,
            5,
            [0.0, 0.0, 0.0],
            [0.0, 0.70710678, 0.0, 0.70710678]
        ],
        "l8": [
            "right_elbow",
            10,
            5,
            [0.0, 0.0, 0.0],
            [0.0, 0.70710678, 0.0, 0.70710678]
        ],
        "l9": [
            "right_wrist",
            50,
            5,
            [0.0, 0.0, 0.0],
            [0.0, 0.70710678, 0.0, 0.70710678]
        ]
    }
}
